"route","cta_status","destination","intent_match"
"/","PRESENT","https://cal.com/muhammad-abdullah-built/idea-to-product","YES"
"/services/","PRESENT","/contact/","YES"
"/services/custom-software-development/","PRESENT","/contact/","YES"
"/services/saas-development/","PRESENT","/contact/","YES"
"/services/web-application-development/","PRESENT","/contact/","YES"
"/services/api-integration-development/","PRESENT","/contact/","YES"
"/services/business-automation/","PRESENT","/contact/","YES"
"/services/mvp-product-development/","PRESENT","/contact/","YES"
"/services/ai-application-development/","PRESENT","/contact/","YES"
"/services/product-rescue/","PRESENT","/contact/","YES"
"/work/","PRESENT","/contact/","YES"
"/work/resolve/","PRESENT","/contact/","YES"
"/work/meridian/","PRESENT","/contact/","YES"
"/work/repodiet/","PRESENT","/contact/","YES"
"/work/agora-forge/","PRESENT","/contact/","YES"
"/guides/","PRESENT","/contact/","YES"
"/guides/hire-saas-developer/","PRESENT","/contact/","YES"
"/guides/hire-web-app-developer/","PRESENT","/contact/","YES"
"/guides/startup-mvp-development/","PRESENT","/contact/","YES"
"/guides/custom-software-vs-saas/","PRESENT","/contact/","YES"
"/guides/saas-mvp-development-cost/","PRESENT","/contact/","YES"
"/guides/api-integration-planning/","PRESENT","/contact/","YES"
"/guides/rescue-ai-built-web-app/","PRESENT","/contact/","YES"
"/guides/ai-feature-vs-automation/","PRESENT","/contact/","YES"
"/guides/reliable-webhook-integration/","PRESENT","/contact/","YES"
"/about/","PRESENT","/contact/","YES"
"/contact/","PRESENT","/contact/","YES"
