"route","property","inspection_date","coverage_state","indexed","verdict","user_canonical","google_canonical","last_crawl","discovery_source","crawl_allowed","indexing_allowed","mobile_crawl","referring_sitemap","rendered_indexed_state","action"
"/","https://abdullahbuilt.top/","2026-09-27","Submitted and indexed","YES","PASS","https://abdullahbuilt.top/","https://abdullahbuilt.top/","2026-09-24T09:40:30Z","/services/custom-software-development/","YES","YES","YES","YES","INDEXED","MONITOR"
"/services/","https://abdullahbuilt.top/","2026-09-27","Discovered - currently not indexed","NO","NEUTRAL","https://abdullahbuilt.top/services/","UNKNOWN","UNKNOWN","GSC DISCOVERY; inspect export records any referring URL","UNKNOWN","UNKNOWN","UNKNOWN","YES","NOT INDEXED","RESUBMIT 27-URL SITEMAP AFTER VERIFIED PRODUCTION CUTOVER"
"/services/custom-software-development/","https://abdullahbuilt.top/","2026-09-27","Submitted and indexed","YES","PASS","https://abdullahbuilt.top/services/custom-software-development/","https://abdullahbuilt.top/services/custom-software-development/","2026-09-24T22:09:01Z","/services/api-integration-development/|/sitemap.xml","YES","YES","YES","NO/NOT REPORTED","INDEXED","MONITOR"
"/services/saas-development/","https://abdullahbuilt.top/","2026-09-27","Discovered - currently not indexed","NO","NEUTRAL","https://abdullahbuilt.top/services/saas-development/","UNKNOWN","UNKNOWN","GSC DISCOVERY; inspect export records any referring URL","UNKNOWN","UNKNOWN","UNKNOWN","YES","NOT INDEXED","RESUBMIT 27-URL SITEMAP AFTER VERIFIED PRODUCTION CUTOVER"
"/services/web-application-development/","https://abdullahbuilt.top/","2026-09-27","URL is unknown to Google","NO","UNKNOWN","https://abdullahbuilt.top/services/web-application-development/","UNKNOWN","UNKNOWN","NONE REPORTED","UNKNOWN","UNKNOWN","UNKNOWN","NO/NOT REPORTED","NOT INDEXED","RESUBMIT 27-URL SITEMAP AFTER VERIFIED PRODUCTION CUTOVER"
"/services/api-integration-development/","https://abdullahbuilt.top/","2026-09-27","Submitted and indexed","YES","PASS","https://abdullahbuilt.top/services/api-integration-development/","https://abdullahbuilt.top/services/api-integration-development/","2026-09-24T15:37:49Z","NONE REPORTED","YES","YES","YES","YES","INDEXED","MONITOR"
"/services/business-automation/","https://abdullahbuilt.top/","2026-09-27","Discovered - currently not indexed","NO","NEUTRAL","https://abdullahbuilt.top/services/business-automation/","UNKNOWN","UNKNOWN","GSC DISCOVERY; inspect export records any referring URL","UNKNOWN","UNKNOWN","UNKNOWN","YES","NOT INDEXED","RESUBMIT 27-URL SITEMAP AFTER VERIFIED PRODUCTION CUTOVER"
"/services/mvp-product-development/","https://abdullahbuilt.top/","2026-09-27","Submitted and indexed","YES","PASS","https://abdullahbuilt.top/services/mvp-product-development/","https://abdullahbuilt.top/services/mvp-product-development/","2026-09-24T22:18:52Z","/|/sitemap.xml","YES","YES","YES","NO/NOT REPORTED","INDEXED","MONITOR"
"/services/ai-application-development/","https://abdullahbuilt.top/","2026-09-27","URL is unknown to Google","NO","UNKNOWN","https://abdullahbuilt.top/services/ai-application-development/","UNKNOWN","UNKNOWN","NONE REPORTED","UNKNOWN","UNKNOWN","UNKNOWN","NO/NOT REPORTED","NOT INDEXED","RESUBMIT 27-URL SITEMAP AFTER VERIFIED PRODUCTION CUTOVER"
"/services/product-rescue/","https://abdullahbuilt.top/","2026-09-27","URL is unknown to Google","NO","UNKNOWN","https://abdullahbuilt.top/services/product-rescue/","UNKNOWN","UNKNOWN","NONE REPORTED","UNKNOWN","UNKNOWN","UNKNOWN","NO/NOT REPORTED","NOT INDEXED","RESUBMIT 27-URL SITEMAP AFTER VERIFIED PRODUCTION CUTOVER"
"/work/","https://abdullahbuilt.top/","2026-09-27","Submitted and indexed","YES","PASS","https://abdullahbuilt.top/work/","https://abdullahbuilt.top/work/","2026-09-24T15:35:08Z","/guides/startup-mvp-development/","YES","YES","YES","NO/NOT REPORTED","INDEXED","MONITOR"
"/work/resolve/","https://abdullahbuilt.top/","2026-09-27","Discovered - currently not indexed","NO","NEUTRAL","https://abdullahbuilt.top/work/resolve/","UNKNOWN","UNKNOWN","GSC DISCOVERY; inspect export records any referring URL","UNKNOWN","UNKNOWN","UNKNOWN","YES","NOT INDEXED","RESUBMIT 27-URL SITEMAP AFTER VERIFIED PRODUCTION CUTOVER"
"/work/meridian/","https://abdullahbuilt.top/","2026-09-27","URL is unknown to Google","NO","UNKNOWN","https://abdullahbuilt.top/work/meridian/","UNKNOWN","UNKNOWN","NONE REPORTED","UNKNOWN","UNKNOWN","UNKNOWN","NO/NOT REPORTED","NOT INDEXED","RESUBMIT 27-URL SITEMAP AFTER VERIFIED PRODUCTION CUTOVER"
"/work/repodiet/","https://abdullahbuilt.top/","2026-09-27","Discovered - currently not indexed","NO","NEUTRAL","https://abdullahbuilt.top/work/repodiet/","UNKNOWN","UNKNOWN","GSC DISCOVERY; inspect export records any referring URL","UNKNOWN","UNKNOWN","UNKNOWN","YES","NOT INDEXED","RESUBMIT 27-URL SITEMAP AFTER VERIFIED PRODUCTION CUTOVER"
"/work/agora-forge/","https://abdullahbuilt.top/","2026-09-27","URL is unknown to Google","NO","UNKNOWN","https://abdullahbuilt.top/work/agora-forge/","UNKNOWN","UNKNOWN","NONE REPORTED","UNKNOWN","UNKNOWN","UNKNOWN","NO/NOT REPORTED","NOT INDEXED","RESUBMIT 27-URL SITEMAP AFTER VERIFIED PRODUCTION CUTOVER"
"/guides/","https://abdullahbuilt.top/","2026-09-27","Discovered - currently not indexed","NO","NEUTRAL","https://abdullahbuilt.top/guides/","UNKNOWN","UNKNOWN","GSC DISCOVERY; inspect export records any referring URL","UNKNOWN","UNKNOWN","UNKNOWN","YES","NOT INDEXED","RESUBMIT 27-URL SITEMAP AFTER VERIFIED PRODUCTION CUTOVER"
"/guides/hire-saas-developer/","https://abdullahbuilt.top/","2026-09-27","URL is unknown to Google","NO","UNKNOWN","https://abdullahbuilt.top/guides/hire-saas-developer/","UNKNOWN","UNKNOWN","NONE REPORTED","UNKNOWN","UNKNOWN","UNKNOWN","NO/NOT REPORTED","NOT INDEXED","RESUBMIT 27-URL SITEMAP AFTER VERIFIED PRODUCTION CUTOVER"
"/guides/hire-web-app-developer/","https://abdullahbuilt.top/","2026-09-27","Discovered - currently not indexed","NO","NEUTRAL","https://abdullahbuilt.top/guides/hire-web-app-developer/","UNKNOWN","UNKNOWN","GSC DISCOVERY; inspect export records any referring URL","UNKNOWN","UNKNOWN","UNKNOWN","YES","NOT INDEXED","RESUBMIT 27-URL SITEMAP AFTER VERIFIED PRODUCTION CUTOVER"
"/guides/startup-mvp-development/","https://abdullahbuilt.top/","2026-09-27","Discovered - currently not indexed","NO","NEUTRAL","https://abdullahbuilt.top/guides/startup-mvp-development/","UNKNOWN","UNKNOWN","GSC DISCOVERY; inspect export records any referring URL","UNKNOWN","UNKNOWN","UNKNOWN","YES","NOT INDEXED","RESUBMIT 27-URL SITEMAP AFTER VERIFIED PRODUCTION CUTOVER"
"/guides/custom-software-vs-saas/","https://abdullahbuilt.top/","2026-09-27","URL is unknown to Google","NO","UNKNOWN","https://abdullahbuilt.top/guides/custom-software-vs-saas/","UNKNOWN","UNKNOWN","NONE REPORTED","UNKNOWN","UNKNOWN","UNKNOWN","NO/NOT REPORTED","NOT INDEXED","RESUBMIT 27-URL SITEMAP AFTER VERIFIED PRODUCTION CUTOVER"
"/guides/saas-mvp-development-cost/","https://abdullahbuilt.top/","2026-09-27","URL is unknown to Google","NO","UNKNOWN","https://abdullahbuilt.top/guides/saas-mvp-development-cost/","UNKNOWN","UNKNOWN","NONE REPORTED","UNKNOWN","UNKNOWN","UNKNOWN","NO/NOT REPORTED","NOT INDEXED","RESUBMIT 27-URL SITEMAP AFTER VERIFIED PRODUCTION CUTOVER"
"/guides/api-integration-planning/","https://abdullahbuilt.top/","2026-09-27","URL is unknown to Google","NO","UNKNOWN","https://abdullahbuilt.top/guides/api-integration-planning/","UNKNOWN","UNKNOWN","NONE REPORTED","UNKNOWN","UNKNOWN","UNKNOWN","NO/NOT REPORTED","NOT INDEXED","RESUBMIT 27-URL SITEMAP AFTER VERIFIED PRODUCTION CUTOVER"
"/guides/rescue-ai-built-web-app/","https://abdullahbuilt.top/","2026-09-27","URL is unknown to Google","NO","UNKNOWN","https://abdullahbuilt.top/guides/rescue-ai-built-web-app/","UNKNOWN","UNKNOWN","NONE REPORTED","UNKNOWN","UNKNOWN","UNKNOWN","NO/NOT REPORTED","NOT INDEXED","RESUBMIT 27-URL SITEMAP AFTER VERIFIED PRODUCTION CUTOVER"
"/guides/ai-feature-vs-automation/","https://abdullahbuilt.top/","2026-09-27","URL is unknown to Google","NO","UNKNOWN","https://abdullahbuilt.top/guides/ai-feature-vs-automation/","UNKNOWN","UNKNOWN","NONE REPORTED","UNKNOWN","UNKNOWN","UNKNOWN","NO/NOT REPORTED","NOT INDEXED","RESUBMIT 27-URL SITEMAP AFTER VERIFIED PRODUCTION CUTOVER"
"/guides/reliable-webhook-integration/","https://abdullahbuilt.top/","2026-09-27","URL is unknown to Google","NO","UNKNOWN","https://abdullahbuilt.top/guides/reliable-webhook-integration/","UNKNOWN","UNKNOWN","NONE REPORTED","UNKNOWN","UNKNOWN","UNKNOWN","NO/NOT REPORTED","NOT INDEXED","RESUBMIT 27-URL SITEMAP AFTER VERIFIED PRODUCTION CUTOVER"
"/about/","https://abdullahbuilt.top/","2026-09-27","Discovered - currently not indexed","NO","NEUTRAL","https://abdullahbuilt.top/about/","UNKNOWN","UNKNOWN","GSC DISCOVERY; inspect export records any referring URL","UNKNOWN","UNKNOWN","UNKNOWN","YES","NOT INDEXED","RESUBMIT 27-URL SITEMAP AFTER VERIFIED PRODUCTION CUTOVER"
"/contact/","https://abdullahbuilt.top/","2026-09-27","Discovered - currently not indexed","NO","NEUTRAL","https://abdullahbuilt.top/contact/","UNKNOWN","UNKNOWN","GSC DISCOVERY; inspect export records any referring URL","UNKNOWN","UNKNOWN","UNKNOWN","YES","NOT INDEXED","RESUBMIT 27-URL SITEMAP AFTER VERIFIED PRODUCTION CUTOVER"
