"source","destination","anchor_or_purpose","status"
"/","/Muhammad_Abdullah_Resume.pdf","Rendered internal link","VALID"
"/services/","/","Rendered internal link","VALID"
"/services/","/work/","Rendered internal link","VALID"
"/services/","/services/","Rendered internal link","VALID"
"/services/","/guides/","Rendered internal link","VALID"
"/services/","/about/","Rendered internal link","VALID"
"/services/","/contact/","Rendered internal link","VALID"
"/services/","/services/custom-software-development/","Rendered internal link","VALID"
"/services/","/services/saas-development/","Rendered internal link","VALID"
"/services/","/services/web-application-development/","Rendered internal link","VALID"
"/services/","/services/api-integration-development/","Rendered internal link","VALID"
"/services/","/services/business-automation/","Rendered internal link","VALID"
"/services/","/services/mvp-product-development/","Rendered internal link","VALID"
"/services/","/services/ai-application-development/","Rendered internal link","VALID"
"/services/","/services/product-rescue/","Rendered internal link","VALID"
"/services/custom-software-development/","/","Rendered internal link","VALID"
"/services/custom-software-development/","/work/","Rendered internal link","VALID"
"/services/custom-software-development/","/services/","Rendered internal link","VALID"
"/services/custom-software-development/","/guides/","Rendered internal link","VALID"
"/services/custom-software-development/","/about/","Rendered internal link","VALID"
"/services/custom-software-development/","/contact/","Rendered internal link","VALID"
"/services/custom-software-development/","/work/resolve/","Rendered internal link","VALID"
"/services/custom-software-development/","/work/repodiet/","Rendered internal link","VALID"
"/services/custom-software-development/","/guides/custom-software-vs-saas/","Rendered internal link","VALID"
"/services/custom-software-development/","/services/saas-development/","Rendered internal link","VALID"
"/services/custom-software-development/","/services/web-application-development/","Rendered internal link","VALID"
"/services/custom-software-development/","/services/api-integration-development/","Rendered internal link","VALID"
"/services/saas-development/","/","Rendered internal link","VALID"
"/services/saas-development/","/work/","Rendered internal link","VALID"
"/services/saas-development/","/services/","Rendered internal link","VALID"
"/services/saas-development/","/guides/","Rendered internal link","VALID"
"/services/saas-development/","/about/","Rendered internal link","VALID"
"/services/saas-development/","/contact/","Rendered internal link","VALID"
"/services/saas-development/","/work/meridian/","Rendered internal link","VALID"
"/services/saas-development/","/work/resolve/","Rendered internal link","VALID"
"/services/saas-development/","/guides/hire-saas-developer/","Rendered internal link","VALID"
"/services/saas-development/","/services/custom-software-development/","Rendered internal link","VALID"
"/services/saas-development/","/services/web-application-development/","Rendered internal link","VALID"
"/services/saas-development/","/services/mvp-product-development/","Rendered internal link","VALID"
"/services/web-application-development/","/","Rendered internal link","VALID"
"/services/web-application-development/","/work/","Rendered internal link","VALID"
"/services/web-application-development/","/services/","Rendered internal link","VALID"
"/services/web-application-development/","/guides/","Rendered internal link","VALID"
"/services/web-application-development/","/about/","Rendered internal link","VALID"
"/services/web-application-development/","/contact/","Rendered internal link","VALID"
"/services/web-application-development/","/work/meridian/","Rendered internal link","VALID"
"/services/web-application-development/","/work/agora-forge/","Rendered internal link","VALID"
"/services/web-application-development/","/guides/hire-web-app-developer/","Rendered internal link","VALID"
"/services/web-application-development/","/services/custom-software-development/","Rendered internal link","VALID"
"/services/web-application-development/","/services/saas-development/","Rendered internal link","VALID"
"/services/web-application-development/","/services/api-integration-development/","Rendered internal link","VALID"
"/services/api-integration-development/","/","Rendered internal link","VALID"
"/services/api-integration-development/","/work/","Rendered internal link","VALID"
"/services/api-integration-development/","/services/","Rendered internal link","VALID"
"/services/api-integration-development/","/guides/","Rendered internal link","VALID"
"/services/api-integration-development/","/about/","Rendered internal link","VALID"
"/services/api-integration-development/","/contact/","Rendered internal link","VALID"
"/services/api-integration-development/","/work/resolve/","Rendered internal link","VALID"
"/services/api-integration-development/","/work/agora-forge/","Rendered internal link","VALID"
"/services/api-integration-development/","/guides/api-integration-planning/","Rendered internal link","VALID"
"/services/api-integration-development/","/guides/reliable-webhook-integration/","Rendered internal link","VALID"
"/services/api-integration-development/","/services/custom-software-development/","Rendered internal link","VALID"
"/services/api-integration-development/","/services/business-automation/","Rendered internal link","VALID"
"/services/api-integration-development/","/services/web-application-development/","Rendered internal link","VALID"
"/services/business-automation/","/","Rendered internal link","VALID"
"/services/business-automation/","/work/","Rendered internal link","VALID"
"/services/business-automation/","/services/","Rendered internal link","VALID"
"/services/business-automation/","/guides/","Rendered internal link","VALID"
"/services/business-automation/","/about/","Rendered internal link","VALID"
"/services/business-automation/","/contact/","Rendered internal link","VALID"
"/services/business-automation/","/work/repodiet/","Rendered internal link","VALID"
"/services/business-automation/","/work/resolve/","Rendered internal link","VALID"
"/services/business-automation/","/services/custom-software-development/","Rendered internal link","VALID"
"/services/business-automation/","/services/api-integration-development/","Rendered internal link","VALID"
"/services/business-automation/","/services/mvp-product-development/","Rendered internal link","VALID"
"/services/mvp-product-development/","/","Rendered internal link","VALID"
"/services/mvp-product-development/","/work/","Rendered internal link","VALID"
"/services/mvp-product-development/","/services/","Rendered internal link","VALID"
"/services/mvp-product-development/","/guides/","Rendered internal link","VALID"
"/services/mvp-product-development/","/about/","Rendered internal link","VALID"
"/services/mvp-product-development/","/contact/","Rendered internal link","VALID"
"/services/mvp-product-development/","/work/meridian/","Rendered internal link","VALID"
"/services/mvp-product-development/","/work/agora-forge/","Rendered internal link","VALID"
"/services/mvp-product-development/","/guides/startup-mvp-development/","Rendered internal link","VALID"
"/services/mvp-product-development/","/guides/saas-mvp-development-cost/","Rendered internal link","VALID"
"/services/mvp-product-development/","/services/saas-development/","Rendered internal link","VALID"
"/services/mvp-product-development/","/services/custom-software-development/","Rendered internal link","VALID"
"/services/mvp-product-development/","/services/web-application-development/","Rendered internal link","VALID"
"/services/ai-application-development/","/","Rendered internal link","VALID"
"/services/ai-application-development/","/work/","Rendered internal link","VALID"
"/services/ai-application-development/","/services/","Rendered internal link","VALID"
"/services/ai-application-development/","/guides/","Rendered internal link","VALID"
"/services/ai-application-development/","/about/","Rendered internal link","VALID"
"/services/ai-application-development/","/contact/","Rendered internal link","VALID"
"/services/ai-application-development/","/work/repodiet/","Rendered internal link","VALID"
"/services/ai-application-development/","/work/resolve/","Rendered internal link","VALID"
"/services/ai-application-development/","/guides/ai-feature-vs-automation/","Rendered internal link","VALID"
"/services/ai-application-development/","/services/business-automation/","Rendered internal link","VALID"
"/services/ai-application-development/","/services/api-integration-development/","Rendered internal link","VALID"
"/services/ai-application-development/","/services/saas-development/","Rendered internal link","VALID"
"/services/product-rescue/","/","Rendered internal link","VALID"
"/services/product-rescue/","/work/","Rendered internal link","VALID"
"/services/product-rescue/","/services/","Rendered internal link","VALID"
"/services/product-rescue/","/guides/","Rendered internal link","VALID"
"/services/product-rescue/","/about/","Rendered internal link","VALID"
"/services/product-rescue/","/contact/","Rendered internal link","VALID"
"/services/product-rescue/","/work/repodiet/","Rendered internal link","VALID"
"/services/product-rescue/","/work/meridian/","Rendered internal link","VALID"
"/services/product-rescue/","/guides/rescue-ai-built-web-app/","Rendered internal link","VALID"
"/services/product-rescue/","/services/custom-software-development/","Rendered internal link","VALID"
"/services/product-rescue/","/services/web-application-development/","Rendered internal link","VALID"
"/services/product-rescue/","/services/api-integration-development/","Rendered internal link","VALID"
"/work/","/","Rendered internal link","VALID"
"/work/","/work/","Rendered internal link","VALID"
"/work/","/services/","Rendered internal link","VALID"
"/work/","/guides/","Rendered internal link","VALID"
"/work/","/about/","Rendered internal link","VALID"
"/work/","/contact/","Rendered internal link","VALID"
"/work/","/work/resolve/","Rendered internal link","VALID"
"/work/","/work/meridian/","Rendered internal link","VALID"
"/work/","/work/repodiet/","Rendered internal link","VALID"
"/work/","/work/agora-forge/","Rendered internal link","VALID"
"/work/resolve/","/","Rendered internal link","VALID"
"/work/resolve/","/work/","Rendered internal link","VALID"
"/work/resolve/","/services/","Rendered internal link","VALID"
"/work/resolve/","/guides/","Rendered internal link","VALID"
"/work/resolve/","/about/","Rendered internal link","VALID"
"/work/resolve/","/contact/","Rendered internal link","VALID"
"/work/resolve/","/services/custom-software-development/","Rendered internal link","VALID"
"/work/resolve/","/services/api-integration-development/","Rendered internal link","VALID"
"/work/meridian/","/","Rendered internal link","VALID"
"/work/meridian/","/work/","Rendered internal link","VALID"
"/work/meridian/","/services/","Rendered internal link","VALID"
"/work/meridian/","/guides/","Rendered internal link","VALID"
"/work/meridian/","/about/","Rendered internal link","VALID"
"/work/meridian/","/contact/","Rendered internal link","VALID"
"/work/meridian/","/services/saas-development/","Rendered internal link","VALID"
"/work/meridian/","/services/web-application-development/","Rendered internal link","VALID"
"/work/repodiet/","/","Rendered internal link","VALID"
"/work/repodiet/","/work/","Rendered internal link","VALID"
"/work/repodiet/","/services/","Rendered internal link","VALID"
"/work/repodiet/","/guides/","Rendered internal link","VALID"
"/work/repodiet/","/about/","Rendered internal link","VALID"
"/work/repodiet/","/contact/","Rendered internal link","VALID"
"/work/repodiet/","/services/business-automation/","Rendered internal link","VALID"
"/work/repodiet/","/services/api-integration-development/","Rendered internal link","VALID"
"/work/agora-forge/","/","Rendered internal link","VALID"
"/work/agora-forge/","/work/","Rendered internal link","VALID"
"/work/agora-forge/","/services/","Rendered internal link","VALID"
"/work/agora-forge/","/guides/","Rendered internal link","VALID"
"/work/agora-forge/","/about/","Rendered internal link","VALID"
"/work/agora-forge/","/contact/","Rendered internal link","VALID"
"/work/agora-forge/","/services/web-application-development/","Rendered internal link","VALID"
"/work/agora-forge/","/services/api-integration-development/","Rendered internal link","VALID"
"/guides/","/","Rendered internal link","VALID"
"/guides/","/work/","Rendered internal link","VALID"
"/guides/","/services/","Rendered internal link","VALID"
"/guides/","/guides/","Rendered internal link","VALID"
"/guides/","/about/","Rendered internal link","VALID"
"/guides/","/contact/","Rendered internal link","VALID"
"/guides/","/guides/hire-saas-developer/","Rendered internal link","VALID"
"/guides/","/guides/hire-web-app-developer/","Rendered internal link","VALID"
"/guides/","/guides/startup-mvp-development/","Rendered internal link","VALID"
"/guides/","/guides/custom-software-vs-saas/","Rendered internal link","VALID"
"/guides/","/guides/saas-mvp-development-cost/","Rendered internal link","VALID"
"/guides/","/guides/api-integration-planning/","Rendered internal link","VALID"
"/guides/","/guides/rescue-ai-built-web-app/","Rendered internal link","VALID"
"/guides/","/guides/ai-feature-vs-automation/","Rendered internal link","VALID"
"/guides/","/guides/reliable-webhook-integration/","Rendered internal link","VALID"
"/guides/hire-saas-developer/","/","Rendered internal link","VALID"
"/guides/hire-saas-developer/","/work/","Rendered internal link","VALID"
"/guides/hire-saas-developer/","/services/","Rendered internal link","VALID"
"/guides/hire-saas-developer/","/guides/","Rendered internal link","VALID"
"/guides/hire-saas-developer/","/about/","Rendered internal link","VALID"
"/guides/hire-saas-developer/","/contact/","Rendered internal link","VALID"
"/guides/hire-saas-developer/","/work/meridian/","Rendered internal link","VALID"
"/guides/hire-saas-developer/","/work/resolve/","Rendered internal link","VALID"
"/guides/hire-saas-developer/","/services/saas-development/","Rendered internal link","VALID"
"/guides/hire-saas-developer/","/guides/hire-web-app-developer/","Rendered internal link","VALID"
"/guides/hire-web-app-developer/","/","Rendered internal link","VALID"
"/guides/hire-web-app-developer/","/work/","Rendered internal link","VALID"
"/guides/hire-web-app-developer/","/services/","Rendered internal link","VALID"
"/guides/hire-web-app-developer/","/guides/","Rendered internal link","VALID"
"/guides/hire-web-app-developer/","/about/","Rendered internal link","VALID"
"/guides/hire-web-app-developer/","/contact/","Rendered internal link","VALID"
"/guides/hire-web-app-developer/","/work/meridian/","Rendered internal link","VALID"
"/guides/hire-web-app-developer/","/work/agora-forge/","Rendered internal link","VALID"
"/guides/hire-web-app-developer/","/services/web-application-development/","Rendered internal link","VALID"
"/guides/hire-web-app-developer/","/guides/hire-saas-developer/","Rendered internal link","VALID"
"/guides/startup-mvp-development/","/","Rendered internal link","VALID"
"/guides/startup-mvp-development/","/work/","Rendered internal link","VALID"
"/guides/startup-mvp-development/","/services/","Rendered internal link","VALID"
"/guides/startup-mvp-development/","/guides/","Rendered internal link","VALID"
"/guides/startup-mvp-development/","/about/","Rendered internal link","VALID"
"/guides/startup-mvp-development/","/contact/","Rendered internal link","VALID"
"/guides/startup-mvp-development/","/work/meridian/","Rendered internal link","VALID"
"/guides/startup-mvp-development/","/work/agora-forge/","Rendered internal link","VALID"
"/guides/startup-mvp-development/","/services/mvp-product-development/","Rendered internal link","VALID"
"/guides/startup-mvp-development/","/guides/saas-mvp-development-cost/","Rendered internal link","VALID"
"/guides/custom-software-vs-saas/","/","Rendered internal link","VALID"
"/guides/custom-software-vs-saas/","/work/","Rendered internal link","VALID"
"/guides/custom-software-vs-saas/","/services/","Rendered internal link","VALID"
"/guides/custom-software-vs-saas/","/guides/","Rendered internal link","VALID"
"/guides/custom-software-vs-saas/","/about/","Rendered internal link","VALID"
"/guides/custom-software-vs-saas/","/contact/","Rendered internal link","VALID"
"/guides/custom-software-vs-saas/","/work/resolve/","Rendered internal link","VALID"
"/guides/custom-software-vs-saas/","/work/repodiet/","Rendered internal link","VALID"
"/guides/custom-software-vs-saas/","/services/custom-software-development/","Rendered internal link","VALID"
"/guides/saas-mvp-development-cost/","/","Rendered internal link","VALID"
"/guides/saas-mvp-development-cost/","/work/","Rendered internal link","VALID"
"/guides/saas-mvp-development-cost/","/services/","Rendered internal link","VALID"
"/guides/saas-mvp-development-cost/","/guides/","Rendered internal link","VALID"
"/guides/saas-mvp-development-cost/","/about/","Rendered internal link","VALID"
"/guides/saas-mvp-development-cost/","/contact/","Rendered internal link","VALID"
"/guides/saas-mvp-development-cost/","/work/meridian/","Rendered internal link","VALID"
"/guides/saas-mvp-development-cost/","/work/resolve/","Rendered internal link","VALID"
"/guides/saas-mvp-development-cost/","/services/mvp-product-development/","Rendered internal link","VALID"
"/guides/saas-mvp-development-cost/","/guides/startup-mvp-development/","Rendered internal link","VALID"
"/guides/api-integration-planning/","/","Rendered internal link","VALID"
"/guides/api-integration-planning/","/work/","Rendered internal link","VALID"
"/guides/api-integration-planning/","/services/","Rendered internal link","VALID"
"/guides/api-integration-planning/","/guides/","Rendered internal link","VALID"
"/guides/api-integration-planning/","/about/","Rendered internal link","VALID"
"/guides/api-integration-planning/","/contact/","Rendered internal link","VALID"
"/guides/api-integration-planning/","/work/resolve/","Rendered internal link","VALID"
"/guides/api-integration-planning/","/work/agora-forge/","Rendered internal link","VALID"
"/guides/api-integration-planning/","/services/api-integration-development/","Rendered internal link","VALID"
"/guides/api-integration-planning/","/guides/reliable-webhook-integration/","Rendered internal link","VALID"
"/guides/rescue-ai-built-web-app/","/","Rendered internal link","VALID"
"/guides/rescue-ai-built-web-app/","/work/","Rendered internal link","VALID"
"/guides/rescue-ai-built-web-app/","/services/","Rendered internal link","VALID"
"/guides/rescue-ai-built-web-app/","/guides/","Rendered internal link","VALID"
"/guides/rescue-ai-built-web-app/","/about/","Rendered internal link","VALID"
"/guides/rescue-ai-built-web-app/","/contact/","Rendered internal link","VALID"
"/guides/rescue-ai-built-web-app/","/work/repodiet/","Rendered internal link","VALID"
"/guides/rescue-ai-built-web-app/","/work/meridian/","Rendered internal link","VALID"
"/guides/rescue-ai-built-web-app/","/services/product-rescue/","Rendered internal link","VALID"
"/guides/ai-feature-vs-automation/","/","Rendered internal link","VALID"
"/guides/ai-feature-vs-automation/","/work/","Rendered internal link","VALID"
"/guides/ai-feature-vs-automation/","/services/","Rendered internal link","VALID"
"/guides/ai-feature-vs-automation/","/guides/","Rendered internal link","VALID"
"/guides/ai-feature-vs-automation/","/about/","Rendered internal link","VALID"
"/guides/ai-feature-vs-automation/","/contact/","Rendered internal link","VALID"
"/guides/ai-feature-vs-automation/","/work/repodiet/","Rendered internal link","VALID"
"/guides/ai-feature-vs-automation/","/work/resolve/","Rendered internal link","VALID"
"/guides/ai-feature-vs-automation/","/services/ai-application-development/","Rendered internal link","VALID"
"/guides/reliable-webhook-integration/","/","Rendered internal link","VALID"
"/guides/reliable-webhook-integration/","/work/","Rendered internal link","VALID"
"/guides/reliable-webhook-integration/","/services/","Rendered internal link","VALID"
"/guides/reliable-webhook-integration/","/guides/","Rendered internal link","VALID"
"/guides/reliable-webhook-integration/","/about/","Rendered internal link","VALID"
"/guides/reliable-webhook-integration/","/contact/","Rendered internal link","VALID"
"/guides/reliable-webhook-integration/","/work/resolve/","Rendered internal link","VALID"
"/guides/reliable-webhook-integration/","/work/agora-forge/","Rendered internal link","VALID"
"/guides/reliable-webhook-integration/","/services/api-integration-development/","Rendered internal link","VALID"
"/guides/reliable-webhook-integration/","/guides/api-integration-planning/","Rendered internal link","VALID"
"/about/","/","Rendered internal link","VALID"
"/about/","/work/","Rendered internal link","VALID"
"/about/","/services/","Rendered internal link","VALID"
"/about/","/guides/","Rendered internal link","VALID"
"/about/","/about/","Rendered internal link","VALID"
"/about/","/contact/","Rendered internal link","VALID"
"/about/","/Muhammad_Abdullah_Resume.pdf","Rendered internal link","VALID"
"/contact/","/","Rendered internal link","VALID"
"/contact/","/work/","Rendered internal link","VALID"
"/contact/","/services/","Rendered internal link","VALID"
"/contact/","/guides/","Rendered internal link","VALID"
"/contact/","/about/","Rendered internal link","VALID"
"/contact/","/contact/","Rendered internal link","VALID"
