"route","schema_types","valid_json"
"/","Person|ProfessionalService|WebSite|WebPage","YES"
"/services/","Person|ProfessionalService|WebSite|CollectionPage|ItemList|BreadcrumbList","YES"
"/services/custom-software-development/","Person|ProfessionalService|WebSite|WebPage|Service|FAQPage|BreadcrumbList","YES"
"/services/saas-development/","Person|ProfessionalService|WebSite|WebPage|Service|FAQPage|BreadcrumbList","YES"
"/services/web-application-development/","Person|ProfessionalService|WebSite|WebPage|Service|FAQPage|BreadcrumbList","YES"
"/services/api-integration-development/","Person|ProfessionalService|WebSite|WebPage|Service|FAQPage|BreadcrumbList","YES"
"/services/business-automation/","Person|ProfessionalService|WebSite|WebPage|Service|FAQPage|BreadcrumbList","YES"
"/services/mvp-product-development/","Person|ProfessionalService|WebSite|WebPage|Service|FAQPage|BreadcrumbList","YES"
"/services/ai-application-development/","Person|ProfessionalService|WebSite|WebPage|Service|FAQPage|BreadcrumbList","YES"
"/services/product-rescue/","Person|ProfessionalService|WebSite|WebPage|Service|FAQPage|BreadcrumbList","YES"
"/work/","Person|ProfessionalService|WebSite|CollectionPage|ItemList|BreadcrumbList","YES"
"/work/resolve/","Person|ProfessionalService|WebSite|WebPage|SoftwareApplication|BreadcrumbList","YES"
"/work/meridian/","Person|ProfessionalService|WebSite|WebPage|SoftwareApplication|BreadcrumbList","YES"
"/work/repodiet/","Person|ProfessionalService|WebSite|WebPage|SoftwareApplication|BreadcrumbList","YES"
"/work/agora-forge/","Person|ProfessionalService|WebSite|WebPage|SoftwareApplication|BreadcrumbList","YES"
"/guides/","Person|ProfessionalService|WebSite|CollectionPage|ItemList|BreadcrumbList","YES"
"/guides/hire-saas-developer/","Person|ProfessionalService|WebSite|WebPage|Article|BreadcrumbList","YES"
"/guides/hire-web-app-developer/","Person|ProfessionalService|WebSite|WebPage|Article|BreadcrumbList","YES"
"/guides/startup-mvp-development/","Person|ProfessionalService|WebSite|WebPage|Article|BreadcrumbList","YES"
"/guides/custom-software-vs-saas/","Person|ProfessionalService|WebSite|WebPage|Article|BreadcrumbList","YES"
"/guides/saas-mvp-development-cost/","Person|ProfessionalService|WebSite|WebPage|Article|BreadcrumbList","YES"
"/guides/api-integration-planning/","Person|ProfessionalService|WebSite|WebPage|Article|BreadcrumbList","YES"
"/guides/rescue-ai-built-web-app/","Person|ProfessionalService|WebSite|WebPage|Article|BreadcrumbList","YES"
"/guides/ai-feature-vs-automation/","Person|ProfessionalService|WebSite|WebPage|Article|BreadcrumbList","YES"
"/guides/reliable-webhook-integration/","Person|ProfessionalService|WebSite|WebPage|Article|BreadcrumbList","YES"
"/about/","Person|ProfessionalService|WebSite|AboutPage","YES"
"/contact/","Person|ProfessionalService|WebSite|ContactPage","YES"
