"route","http_status","indexable","title","title_length","meta_description","meta_length","h1","h1_count","h2_count","heading_hierarchy","canonical","robots","json_ld_types","breadcrumb","sitemap_branch","internal_inbound_pages","internal_outbound_links","images","images_missing_alt_attribute","open_graph","visible_content","search_intent","cta","cta_destination","mobile_rendering","desktop_rendering","console_errors","failed_requests","page_performance"
"/","200","YES","Muhammad Abdullah | Full-Stack SaaS, AI & Web App Developer","59","Full-stack product builder developing SaaS products, AI applications, web apps, APIs, integrations and custom software from product scope through deployment.","157","Muhammad Abdullah .","1","5","PASS","https://abdullahbuilt.top/","index, follow","Person|ProfessionalService|WebSite|WebPage","INTENTIONALLY OMITTED","YES","26","2","9","0","COMPLETE","PRESENT","MIXED","PRESENT","https://cal.com/muhammad-abdullah-built/idea-to-product","PASS (rendered cloud-browser inspection)","PASS (rendered cloud-browser inspection)","0 observed in rendered cloud-browser inspection","0 observed in rendered cloud-browser inspection","UNKNOWN (Lighthouse unavailable in audit run)"
"/services/","200","YES","Software Development Services | Abdullah Built","46","Custom software, SaaS, web application, API integration, automation, and MVP development services for clients worldwide.","120","Software development services for complete product workflows .","1","3","PASS","https://abdullahbuilt.top/services/","index, follow","Person|ProfessionalService|WebSite|CollectionPage|ItemList|BreadcrumbList","PRESENT","YES","26","17","0","0","COMPLETE","PRESENT","COMMERCIAL","PRESENT","/contact/","PASS (rendered cloud-browser inspection)","PASS (rendered cloud-browser inspection)","0 observed in rendered cloud-browser inspection","0 observed in rendered cloud-browser inspection","UNKNOWN (Lighthouse unavailable in audit run)"
"/services/custom-software-development/","200","YES","Custom Software Development Services | Abdullah Built","53","Turn a business problem, manual workflow, or difficult requirement into software that people can use and maintain.","114","Custom Software Development Services for real workflows .","1","10","PASS","https://abdullahbuilt.top/services/custom-software-development/","index, follow","Person|ProfessionalService|WebSite|WebPage|Service|FAQPage|BreadcrumbList","PRESENT","YES","9","17","0","0","COMPLETE","PRESENT","COMMERCIAL","PRESENT","/contact/","PASS (rendered cloud-browser inspection)","PASS (rendered cloud-browser inspection)","0 observed in rendered cloud-browser inspection","0 observed in rendered cloud-browser inspection","UNKNOWN (Lighthouse unavailable in audit run)"
"/services/saas-development/","200","YES","SaaS Development Services | Abdullah Built","42","Build a SaaS application around the job a customer needs done, then make the account, data, interface, and operating workflow work together.","140","SaaS Product Development Services for a useful first release .","1","10","PASS","https://abdullahbuilt.top/services/saas-development/","index, follow","Person|ProfessionalService|WebSite|WebPage|Service|FAQPage|BreadcrumbList","PRESENT","YES","7","17","0","0","COMPLETE","PRESENT","COMMERCIAL","PRESENT","/contact/","PASS (rendered cloud-browser inspection)","PASS (rendered cloud-browser inspection)","0 observed in rendered cloud-browser inspection","0 observed in rendered cloud-browser inspection","UNKNOWN (Lighthouse unavailable in audit run)"
"/services/web-application-development/","200","YES","Web Application Development Services | Abdullah Built","53","Create web applications that help users finish a real task, with an interface that makes complex systems understandable.","120","Web Application Development Services for dependable user workflows .","1","10","PASS","https://abdullahbuilt.top/services/web-application-development/","index, follow","Person|ProfessionalService|WebSite|WebPage|Service|FAQPage|BreadcrumbList","PRESENT","YES","9","17","0","0","COMPLETE","PRESENT","COMMERCIAL","PRESENT","/contact/","PASS (rendered cloud-browser inspection)","PASS (rendered cloud-browser inspection)","0 observed in rendered cloud-browser inspection","0 observed in rendered cloud-browser inspection","UNKNOWN (Lighthouse unavailable in audit run)"
"/services/api-integration-development/","200","YES","API Integration Development Services | Abdullah Built","53","Connect the systems your application depends on without hiding important states, constraints, and failure paths.","112","API Integration Services for connected, reliable systems .","1","10","PASS","https://abdullahbuilt.top/services/api-integration-development/","index, follow","Person|ProfessionalService|WebSite|WebPage|Service|FAQPage|BreadcrumbList","PRESENT","YES","11","18","0","0","COMPLETE","PRESENT","COMMERCIAL","PRESENT","/contact/","PASS (rendered cloud-browser inspection)","PASS (rendered cloud-browser inspection)","0 observed in rendered cloud-browser inspection","0 observed in rendered cloud-browser inspection","UNKNOWN (Lighthouse unavailable in audit run)"
"/services/business-automation/","200","YES","Business Automation & Internal Tools | Abdullah Built","53","Make recurring work easier to run, easier to inspect, and less dependent on scattered messages and spreadsheets.","112","Business Automation and Internal Tools for real operations .","1","9","PASS","https://abdullahbuilt.top/services/business-automation/","index, follow","Person|ProfessionalService|WebSite|WebPage|Service|FAQPage|BreadcrumbList","PRESENT","YES","4","16","0","0","COMPLETE","PRESENT","COMMERCIAL","PRESENT","/contact/","PASS (rendered cloud-browser inspection)","PASS (rendered cloud-browser inspection)","0 observed in rendered cloud-browser inspection","0 observed in rendered cloud-browser inspection","UNKNOWN (Lighthouse unavailable in audit run)"
"/services/mvp-product-development/","200","YES","MVP Development Services for Startups | Abdullah Built","54","Shape and build the smallest complete product workflow that real users can try and your team can learn from.","108","MVP Product Development for a complete learning loop .","1","10","PASS","https://abdullahbuilt.top/services/mvp-product-development/","index, follow","Person|ProfessionalService|WebSite|WebPage|Service|FAQPage|BreadcrumbList","PRESENT","YES","5","18","0","0","COMPLETE","PRESENT","COMMERCIAL","PRESENT","/contact/","PASS (rendered cloud-browser inspection)","PASS (rendered cloud-browser inspection)","0 observed in rendered cloud-browser inspection","0 observed in rendered cloud-browser inspection","UNKNOWN (Lighthouse unavailable in audit run)"
"/services/ai-application-development/","200","YES","AI Application & Agent Development | Abdullah Built","51","Build AI-assisted product workflows that connect models to real data, tools, review steps, and measurable user outcomes.","120","AI Application and Agent Development for controlled workflows .","1","10","PASS","https://abdullahbuilt.top/services/ai-application-development/","index, follow","Person|ProfessionalService|WebSite|WebPage|Service|FAQPage|BreadcrumbList","PRESENT","YES","2","17","0","0","COMPLETE","PRESENT","COMMERCIAL","PRESENT","/contact/","PASS (rendered cloud-browser inspection)","PASS (rendered cloud-browser inspection)","0 observed in rendered cloud-browser inspection","0 observed in rendered cloud-browser inspection","UNKNOWN (Lighthouse unavailable in audit run)"
"/services/product-rescue/","200","YES","Product Rescue & Software Stabilization | Abdullah Built","56","Diagnose a stalled, fragile, or AI-built product, stabilize the critical workflow, and leave the codebase easier to operate and extend.","135","Product Rescue for software that needs a reliable path forward .","1","10","PASS","https://abdullahbuilt.top/services/product-rescue/","index, follow","Person|ProfessionalService|WebSite|WebPage|Service|FAQPage|BreadcrumbList","PRESENT","YES","2","17","0","0","COMPLETE","PRESENT","COMMERCIAL","PRESENT","/contact/","PASS (rendered cloud-browser inspection)","PASS (rendered cloud-browser inspection)","0 observed in rendered cloud-browser inspection","0 observed in rendered cloud-browser inspection","UNKNOWN (Lighthouse unavailable in audit run)"
"/work/","200","YES","Software Development Case Studies | Abdullah Built","50","Case studies covering product engineering, developer tools, market intelligence, verified funding, and cross-chain payments.","124","Software products built around difficult workflows .","1","5","PASS","https://abdullahbuilt.top/work/","index, follow","Person|ProfessionalService|WebSite|CollectionPage|ItemList|BreadcrumbList","PRESENT","YES","26","13","4","0","COMPLETE","PRESENT","MIXED","PRESENT","/contact/","PASS (rendered cloud-browser inspection)","PASS (rendered cloud-browser inspection)","0 observed in rendered cloud-browser inspection","0 observed in rendered cloud-browser inspection","UNKNOWN (Lighthouse unavailable in audit run)"
"/work/resolve/","200","YES","RESOLVE Software Case Study | Abdullah Built","44","Outcome-backed payments infrastructure for verified contributions, funding workflows, attribution, treasury, and USDC settlement.","129","RESOLVE .","1","8","PASS","https://abdullahbuilt.top/work/resolve/","index, follow","Person|ProfessionalService|WebSite|WebPage|SoftwareApplication|BreadcrumbList","PRESENT","YES","12","12","1","0","COMPLETE","PRESENT","MIXED","PRESENT","/contact/","PASS (rendered cloud-browser inspection)","PASS (rendered cloud-browser inspection)","0 observed in rendered cloud-browser inspection","0 observed in rendered cloud-browser inspection","UNKNOWN (Lighthouse unavailable in audit run)"
"/work/meridian/","200","YES","MERIDIAN Software Case Study | Abdullah Built","45","A market intelligence OS connecting market data, explainable strategy rules, historical replay, and optional execution.","119","MERIDIAN .","1","8","PASS","https://abdullahbuilt.top/work/meridian/","index, follow","Person|ProfessionalService|WebSite|WebPage|SoftwareApplication|BreadcrumbList","PRESENT","YES","10","12","1","0","COMPLETE","PRESENT","MIXED","PRESENT","/contact/","PASS (rendered cloud-browser inspection)","PASS (rendered cloud-browser inspection)","0 observed in rendered cloud-browser inspection","0 observed in rendered cloud-browser inspection","UNKNOWN (Lighthouse unavailable in audit run)"
"/work/repodiet/","200","YES","RepoDiet Software Case Study | Abdullah Built","45","Repository triage, scoped cleanup, independent verification, and review-ready receipts for AI-built software.","109","RepoDiet .","1","8","PASS","https://abdullahbuilt.top/work/repodiet/","index, follow","Person|ProfessionalService|WebSite|WebPage|SoftwareApplication|BreadcrumbList","PRESENT","YES","8","12","1","0","COMPLETE","PRESENT","MIXED","PRESENT","/contact/","PASS (rendered cloud-browser inspection)","PASS (rendered cloud-browser inspection)","0 observed in rendered cloud-browser inspection","0 observed in rendered cloud-browser inspection","UNKNOWN (Lighthouse unavailable in audit run)"
"/work/agora-forge/","200","YES","Agora Forge Software Case Study | Abdullah Built","48","An adaptive portfolio manager with cross-chain USDC execution through Circle CCTP, LI.FI, Arc, and an agent console.","116","Agora Forge .","1","8","PASS","https://abdullahbuilt.top/work/agora-forge/","index, follow","Person|ProfessionalService|WebSite|WebPage|SoftwareApplication|BreadcrumbList","PRESENT","YES","8","12","1","0","COMPLETE","PRESENT","MIXED","PRESENT","/contact/","PASS (rendered cloud-browser inspection)","PASS (rendered cloud-browser inspection)","0 observed in rendered cloud-browser inspection","0 observed in rendered cloud-browser inspection","UNKNOWN (Lighthouse unavailable in audit run)"
"/guides/","200","YES","Software Product Development Guides | Abdullah Built","52","Practical guides for hiring software developers, scoping SaaS products, and planning a startup MVP.","99","Practical software product guides .","1","1","PASS","https://abdullahbuilt.top/guides/","index, follow","Person|ProfessionalService|WebSite|CollectionPage|ItemList|BreadcrumbList","PRESENT","YES","26","18","0","0","COMPLETE","PRESENT","INFORMATIONAL","PRESENT","/contact/","PASS (rendered cloud-browser inspection)","PASS (rendered cloud-browser inspection)","0 observed in rendered cloud-browser inspection","0 observed in rendered cloud-browser inspection","UNKNOWN (Lighthouse unavailable in audit run)"
"/guides/hire-saas-developer/","200","YES","Hire a SaaS Developer: Practical Guide | Abdullah Built","55","A practical guide to evaluating SaaS product scope, architecture, integrations, delivery, ownership, and handoff.","113","How to hire a SaaS developer for a product people can use .","1","10","PASS","https://abdullahbuilt.top/guides/hire-saas-developer/","index, follow","Person|ProfessionalService|WebSite|WebPage|Article|BreadcrumbList","PRESENT","YES","3","15","1","0","COMPLETE","PRESENT","INFORMATIONAL","PRESENT","/contact/","PASS (rendered cloud-browser inspection)","PASS (rendered cloud-browser inspection)","0 observed in rendered cloud-browser inspection","0 observed in rendered cloud-browser inspection","UNKNOWN (Lighthouse unavailable in audit run)"
"/guides/hire-web-app-developer/","200","YES","Hire a Web App Developer: Practical Guide | Abdullah Built","58","A practical guide to reviewing frontend, backend, data, integrations, testing, ownership, and deployment.","105","How to hire a web app developer without buying a collection of screens .","1","10","PASS","https://abdullahbuilt.top/guides/hire-web-app-developer/","index, follow","Person|ProfessionalService|WebSite|WebPage|Article|BreadcrumbList","PRESENT","YES","3","15","1","0","COMPLETE","PRESENT","INFORMATIONAL","PRESENT","/contact/","PASS (rendered cloud-browser inspection)","PASS (rendered cloud-browser inspection)","0 observed in rendered cloud-browser inspection","0 observed in rendered cloud-browser inspection","UNKNOWN (Lighthouse unavailable in audit run)"
"/guides/startup-mvp-development/","200","YES","Startup MVP Development Guide | Abdullah Built","46","A practical scope guide for defining a smallest complete workflow, choosing data and integrations, launching, and learning.","123","Startup MVP development: build a complete learning loop, not a demo .","1","10","PASS","https://abdullahbuilt.top/guides/startup-mvp-development/","index, follow","Person|ProfessionalService|WebSite|WebPage|Article|BreadcrumbList","PRESENT","YES","3","15","1","0","COMPLETE","PRESENT","INFORMATIONAL","PRESENT","/contact/","PASS (rendered cloud-browser inspection)","PASS (rendered cloud-browser inspection)","0 observed in rendered cloud-browser inspection","0 observed in rendered cloud-browser inspection","UNKNOWN (Lighthouse unavailable in audit run)"
"/guides/custom-software-vs-saas/","200","YES","Custom Software vs SaaS: Build or Buy | Abdullah Built","54","Use workflow fit, differentiation, ownership, integration, risk, and lifetime cost to decide whether to buy software, extend it, or build a custom system.","154","Custom software vs SaaS: a practical build-or-buy decision .","1","9","PASS","https://abdullahbuilt.top/guides/custom-software-vs-saas/","index, follow","Person|ProfessionalService|WebSite|WebPage|Article|BreadcrumbList","PRESENT","YES","2","14","1","0","COMPLETE","PRESENT","INFORMATIONAL","PRESENT","/contact/","PASS (rendered cloud-browser inspection)","PASS (rendered cloud-browser inspection)","0 observed in rendered cloud-browser inspection","0 observed in rendered cloud-browser inspection","UNKNOWN (Lighthouse unavailable in audit run)"
"/guides/saas-mvp-development-cost/","200","YES","SaaS MVP Development Cost & Scope | Abdullah Built","50","A scope-first guide to the product, data, integrations, operations, and release decisions that determine the real cost of a SaaS MVP.","133","SaaS MVP development cost: what actually changes the scope .","1","10","PASS","https://abdullahbuilt.top/guides/saas-mvp-development-cost/","index, follow","Person|ProfessionalService|WebSite|WebPage|Article|BreadcrumbList","PRESENT","YES","3","15","1","0","COMPLETE","PRESENT","INFORMATIONAL","PRESENT","/contact/","PASS (rendered cloud-browser inspection)","PASS (rendered cloud-browser inspection)","0 observed in rendered cloud-browser inspection","0 observed in rendered cloud-browser inspection","UNKNOWN (Lighthouse unavailable in audit run)"
"/guides/api-integration-planning/","200","YES","API Integration Planning Guide | Abdullah Built","47","Plan an API integration around authentication, data contracts, limits, retries, webhooks, observability, testing, and operational ownership.","140","API integration planning: contracts, failures, ownership, and launch .","1","11","PASS","https://abdullahbuilt.top/guides/api-integration-planning/","index, follow","Person|ProfessionalService|WebSite|WebPage|Article|BreadcrumbList","PRESENT","YES","3","15","1","0","COMPLETE","PRESENT","INFORMATIONAL","PRESENT","/contact/","PASS (rendered cloud-browser inspection)","PASS (rendered cloud-browser inspection)","0 observed in rendered cloud-browser inspection","0 observed in rendered cloud-browser inspection","UNKNOWN (Lighthouse unavailable in audit run)"
"/guides/rescue-ai-built-web-app/","200","YES","Rescue an AI-Built Web App | Abdullah Built","43","A practical method for assessing, stabilizing, testing, and releasing an AI-built or inherited web application.","111","How to rescue an AI-built web app without starting over .","1","9","PASS","https://abdullahbuilt.top/guides/rescue-ai-built-web-app/","index, follow","Person|ProfessionalService|WebSite|WebPage|Article|BreadcrumbList","PRESENT","YES","2","14","1","0","COMPLETE","PRESENT","INFORMATIONAL","PRESENT","/contact/","PASS (rendered cloud-browser inspection)","PASS (rendered cloud-browser inspection)","0 observed in rendered cloud-browser inspection","0 observed in rendered cloud-browser inspection","UNKNOWN (Lighthouse unavailable in audit run)"
"/guides/ai-feature-vs-automation/","200","YES","AI Feature vs Automation | Abdullah Built","41","Decide when a workflow needs model reasoning, deterministic automation, human review, or a controlled combination of all three.","127","AI feature vs automation: choose the right product architecture .","1","10","PASS","https://abdullahbuilt.top/guides/ai-feature-vs-automation/","index, follow","Person|ProfessionalService|WebSite|WebPage|Article|BreadcrumbList","PRESENT","YES","2","14","1","0","COMPLETE","PRESENT","INFORMATIONAL","PRESENT","/contact/","PASS (rendered cloud-browser inspection)","PASS (rendered cloud-browser inspection)","0 observed in rendered cloud-browser inspection","0 observed in rendered cloud-browser inspection","UNKNOWN (Lighthouse unavailable in audit run)"
"/guides/reliable-webhook-integration/","200","YES","Reliable Webhook Integration Guide | Abdullah Built","51","A practical checklist for building webhook workflows that survive duplicates, delays, reordering, and provider failures.","120","Reliable webhook integration: retries, idempotency, and recovery .","1","11","PASS","https://abdullahbuilt.top/guides/reliable-webhook-integration/","index, follow","Person|ProfessionalService|WebSite|WebPage|Article|BreadcrumbList","PRESENT","YES","3","15","1","0","COMPLETE","PRESENT","INFORMATIONAL","PRESENT","/contact/","PASS (rendered cloud-browser inspection)","PASS (rendered cloud-browser inspection)","0 observed in rendered cloud-browser inspection","0 observed in rendered cloud-browser inspection","UNKNOWN (Lighthouse unavailable in audit run)"
"/about/","200","YES","About Muhammad Abdullah | Product Engineer","42","Independent product builder and full-stack engineer turning complex ideas and workflows into working software.","110","A product partner for the part where ideas become real .","1","5","PASS","https://abdullahbuilt.top/about/","index, follow","Person|ProfessionalService|WebSite|AboutPage","MISSING","YES","26","13","0","0","COMPLETE","PRESENT","MIXED","PRESENT","/contact/","PASS (rendered cloud-browser inspection)","PASS (rendered cloud-browser inspection)","0 observed in rendered cloud-browser inspection","0 observed in rendered cloud-browser inspection","UNKNOWN (Lighthouse unavailable in audit run)"
"/contact/","200","YES","Start a Software Project | Abdullah Built","41","Share your software product, current stage, constraints, and what needs to be built.","84","Tell me what needs to work .","1","3","PASS","https://abdullahbuilt.top/contact/","index, follow","Person|ProfessionalService|WebSite|ContactPage","MISSING","YES","26","8","0","0","COMPLETE","PRESENT","COMMERCIAL","PRESENT","/contact/","PASS (rendered cloud-browser inspection)","PASS (rendered cloud-browser inspection)","0 observed in rendered cloud-browser inspection","0 observed in rendered cloud-browser inspection","UNKNOWN (Lighthouse unavailable in audit run)"
