"route","canonical_200_indexable","previous_gsc_sitemap_membership","migration_branch_sitemap","discrepancy","intended_state"
"/","YES","UNKNOWN PER-URL (GSC reported 19 total)","YES","Branch sitemap includes route; production/GSC membership must be refreshed after approved cutover","INCLUDED"
"/services/","YES","UNKNOWN PER-URL (GSC reported 19 total)","YES","Branch sitemap includes route; production/GSC membership must be refreshed after approved cutover","INCLUDED"
"/services/custom-software-development/","YES","UNKNOWN PER-URL (GSC reported 19 total)","YES","Branch sitemap includes route; production/GSC membership must be refreshed after approved cutover","INCLUDED"
"/services/saas-development/","YES","UNKNOWN PER-URL (GSC reported 19 total)","YES","Branch sitemap includes route; production/GSC membership must be refreshed after approved cutover","INCLUDED"
"/services/web-application-development/","YES","UNKNOWN PER-URL (GSC reported 19 total)","YES","Branch sitemap includes route; production/GSC membership must be refreshed after approved cutover","INCLUDED"
"/services/api-integration-development/","YES","UNKNOWN PER-URL (GSC reported 19 total)","YES","Branch sitemap includes route; production/GSC membership must be refreshed after approved cutover","INCLUDED"
"/services/business-automation/","YES","UNKNOWN PER-URL (GSC reported 19 total)","YES","Branch sitemap includes route; production/GSC membership must be refreshed after approved cutover","INCLUDED"
"/services/mvp-product-development/","YES","UNKNOWN PER-URL (GSC reported 19 total)","YES","Branch sitemap includes route; production/GSC membership must be refreshed after approved cutover","INCLUDED"
"/services/ai-application-development/","YES","UNKNOWN PER-URL (GSC reported 19 total)","YES","Branch sitemap includes route; production/GSC membership must be refreshed after approved cutover","INCLUDED"
"/services/product-rescue/","YES","UNKNOWN PER-URL (GSC reported 19 total)","YES","Branch sitemap includes route; production/GSC membership must be refreshed after approved cutover","INCLUDED"
"/work/","YES","UNKNOWN PER-URL (GSC reported 19 total)","YES","Branch sitemap includes route; production/GSC membership must be refreshed after approved cutover","INCLUDED"
"/work/resolve/","YES","UNKNOWN PER-URL (GSC reported 19 total)","YES","Branch sitemap includes route; production/GSC membership must be refreshed after approved cutover","INCLUDED"
"/work/meridian/","YES","UNKNOWN PER-URL (GSC reported 19 total)","YES","Branch sitemap includes route; production/GSC membership must be refreshed after approved cutover","INCLUDED"
"/work/repodiet/","YES","UNKNOWN PER-URL (GSC reported 19 total)","YES","Branch sitemap includes route; production/GSC membership must be refreshed after approved cutover","INCLUDED"
"/work/agora-forge/","YES","UNKNOWN PER-URL (GSC reported 19 total)","YES","Branch sitemap includes route; production/GSC membership must be refreshed after approved cutover","INCLUDED"
"/guides/","YES","UNKNOWN PER-URL (GSC reported 19 total)","YES","Branch sitemap includes route; production/GSC membership must be refreshed after approved cutover","INCLUDED"
"/guides/hire-saas-developer/","YES","UNKNOWN PER-URL (GSC reported 19 total)","YES","Branch sitemap includes route; production/GSC membership must be refreshed after approved cutover","INCLUDED"
"/guides/hire-web-app-developer/","YES","UNKNOWN PER-URL (GSC reported 19 total)","YES","Branch sitemap includes route; production/GSC membership must be refreshed after approved cutover","INCLUDED"
"/guides/startup-mvp-development/","YES","UNKNOWN PER-URL (GSC reported 19 total)","YES","Branch sitemap includes route; production/GSC membership must be refreshed after approved cutover","INCLUDED"
"/guides/custom-software-vs-saas/","YES","UNKNOWN PER-URL (GSC reported 19 total)","YES","Branch sitemap includes route; production/GSC membership must be refreshed after approved cutover","INCLUDED"
"/guides/saas-mvp-development-cost/","YES","UNKNOWN PER-URL (GSC reported 19 total)","YES","Branch sitemap includes route; production/GSC membership must be refreshed after approved cutover","INCLUDED"
"/guides/api-integration-planning/","YES","UNKNOWN PER-URL (GSC reported 19 total)","YES","Branch sitemap includes route; production/GSC membership must be refreshed after approved cutover","INCLUDED"
"/guides/rescue-ai-built-web-app/","YES","UNKNOWN PER-URL (GSC reported 19 total)","YES","Branch sitemap includes route; production/GSC membership must be refreshed after approved cutover","INCLUDED"
"/guides/ai-feature-vs-automation/","YES","UNKNOWN PER-URL (GSC reported 19 total)","YES","Branch sitemap includes route; production/GSC membership must be refreshed after approved cutover","INCLUDED"
"/guides/reliable-webhook-integration/","YES","UNKNOWN PER-URL (GSC reported 19 total)","YES","Branch sitemap includes route; production/GSC membership must be refreshed after approved cutover","INCLUDED"
"/about/","YES","UNKNOWN PER-URL (GSC reported 19 total)","YES","Branch sitemap includes route; production/GSC membership must be refreshed after approved cutover","INCLUDED"
"/contact/","YES","UNKNOWN PER-URL (GSC reported 19 total)","YES","Branch sitemap includes route; production/GSC membership must be refreshed after approved cutover","INCLUDED"
