"route","title","title_length","description","description_length","canonical"
"/","Muhammad Abdullah | Full-Stack SaaS, AI & Web App Developer","59","Full-stack product builder developing SaaS products, AI applications, web apps, APIs, integrations and custom software from product scope through deployment.","157","https://abdullahbuilt.top/"
"/services/","Software Development Services | Abdullah Built","46","Custom software, SaaS, web application, API integration, automation, and MVP development services for clients worldwide.","120","https://abdullahbuilt.top/services/"
"/services/custom-software-development/","Custom Software Development Services | Abdullah Built","53","Turn a business problem, manual workflow, or difficult requirement into software that people can use and maintain.","114","https://abdullahbuilt.top/services/custom-software-development/"
"/services/saas-development/","SaaS Development Services | Abdullah Built","42","Build a SaaS application around the job a customer needs done, then make the account, data, interface, and operating workflow work together.","140","https://abdullahbuilt.top/services/saas-development/"
"/services/web-application-development/","Web Application Development Services | Abdullah Built","53","Create web applications that help users finish a real task, with an interface that makes complex systems understandable.","120","https://abdullahbuilt.top/services/web-application-development/"
"/services/api-integration-development/","API Integration Development Services | Abdullah Built","53","Connect the systems your application depends on without hiding important states, constraints, and failure paths.","112","https://abdullahbuilt.top/services/api-integration-development/"
"/services/business-automation/","Business Automation & Internal Tools | Abdullah Built","53","Make recurring work easier to run, easier to inspect, and less dependent on scattered messages and spreadsheets.","112","https://abdullahbuilt.top/services/business-automation/"
"/services/mvp-product-development/","MVP Development Services for Startups | Abdullah Built","54","Shape and build the smallest complete product workflow that real users can try and your team can learn from.","108","https://abdullahbuilt.top/services/mvp-product-development/"
"/services/ai-application-development/","AI Application & Agent Development | Abdullah Built","51","Build AI-assisted product workflows that connect models to real data, tools, review steps, and measurable user outcomes.","120","https://abdullahbuilt.top/services/ai-application-development/"
"/services/product-rescue/","Product Rescue & Software Stabilization | Abdullah Built","56","Diagnose a stalled, fragile, or AI-built product, stabilize the critical workflow, and leave the codebase easier to operate and extend.","135","https://abdullahbuilt.top/services/product-rescue/"
"/work/","Software Development Case Studies | Abdullah Built","50","Case studies covering product engineering, developer tools, market intelligence, verified funding, and cross-chain payments.","124","https://abdullahbuilt.top/work/"
"/work/resolve/","RESOLVE Software Case Study | Abdullah Built","44","Outcome-backed payments infrastructure for verified contributions, funding workflows, attribution, treasury, and USDC settlement.","129","https://abdullahbuilt.top/work/resolve/"
"/work/meridian/","MERIDIAN Software Case Study | Abdullah Built","45","A market intelligence OS connecting market data, explainable strategy rules, historical replay, and optional execution.","119","https://abdullahbuilt.top/work/meridian/"
"/work/repodiet/","RepoDiet Software Case Study | Abdullah Built","45","Repository triage, scoped cleanup, independent verification, and review-ready receipts for AI-built software.","109","https://abdullahbuilt.top/work/repodiet/"
"/work/agora-forge/","Agora Forge Software Case Study | Abdullah Built","48","An adaptive portfolio manager with cross-chain USDC execution through Circle CCTP, LI.FI, Arc, and an agent console.","116","https://abdullahbuilt.top/work/agora-forge/"
"/guides/","Software Product Development Guides | Abdullah Built","52","Practical guides for hiring software developers, scoping SaaS products, and planning a startup MVP.","99","https://abdullahbuilt.top/guides/"
"/guides/hire-saas-developer/","Hire a SaaS Developer: Practical Guide | Abdullah Built","55","A practical guide to evaluating SaaS product scope, architecture, integrations, delivery, ownership, and handoff.","113","https://abdullahbuilt.top/guides/hire-saas-developer/"
"/guides/hire-web-app-developer/","Hire a Web App Developer: Practical Guide | Abdullah Built","58","A practical guide to reviewing frontend, backend, data, integrations, testing, ownership, and deployment.","105","https://abdullahbuilt.top/guides/hire-web-app-developer/"
"/guides/startup-mvp-development/","Startup MVP Development Guide | Abdullah Built","46","A practical scope guide for defining a smallest complete workflow, choosing data and integrations, launching, and learning.","123","https://abdullahbuilt.top/guides/startup-mvp-development/"
"/guides/custom-software-vs-saas/","Custom Software vs SaaS: Build or Buy | Abdullah Built","54","Use workflow fit, differentiation, ownership, integration, risk, and lifetime cost to decide whether to buy software, extend it, or build a custom system.","154","https://abdullahbuilt.top/guides/custom-software-vs-saas/"
"/guides/saas-mvp-development-cost/","SaaS MVP Development Cost & Scope | Abdullah Built","50","A scope-first guide to the product, data, integrations, operations, and release decisions that determine the real cost of a SaaS MVP.","133","https://abdullahbuilt.top/guides/saas-mvp-development-cost/"
"/guides/api-integration-planning/","API Integration Planning Guide | Abdullah Built","47","Plan an API integration around authentication, data contracts, limits, retries, webhooks, observability, testing, and operational ownership.","140","https://abdullahbuilt.top/guides/api-integration-planning/"
"/guides/rescue-ai-built-web-app/","Rescue an AI-Built Web App | Abdullah Built","43","A practical method for assessing, stabilizing, testing, and releasing an AI-built or inherited web application.","111","https://abdullahbuilt.top/guides/rescue-ai-built-web-app/"
"/guides/ai-feature-vs-automation/","AI Feature vs Automation | Abdullah Built","41","Decide when a workflow needs model reasoning, deterministic automation, human review, or a controlled combination of all three.","127","https://abdullahbuilt.top/guides/ai-feature-vs-automation/"
"/guides/reliable-webhook-integration/","Reliable Webhook Integration Guide | Abdullah Built","51","A practical checklist for building webhook workflows that survive duplicates, delays, reordering, and provider failures.","120","https://abdullahbuilt.top/guides/reliable-webhook-integration/"
"/about/","About Muhammad Abdullah | Product Engineer","42","Independent product builder and full-stack engineer turning complex ideas and workflows into working software.","110","https://abdullahbuilt.top/about/"
"/contact/","Start a Software Project | Abdullah Built","41","Share your software product, current stage, constraints, and what needs to be built.","84","https://abdullahbuilt.top/contact/"
